<?xml version="1.0"?>
<rss version="2.0">
  <channel>
    <title>Quercus BAM Tasks</title>
    <link>http://www.caucho.com/</link>
    <description>The list of BAM tasks completed by the backend.</description>
    <language>en-us</language>
    <pubDate>Tue, 22 Jul 2008 04:00:00 GMT</pubDate>
    <lastBuildDate>Tue, 22 Jul 2008 09:41:01 GMT</lastBuildDate>
    <generator>backend.php</generator>

    <item>
      <title>Task 2</title>
      <link>http://www.caucho.com/</link>
      <description>Task 2</description>
      <pubDate>Tue, 22 Jul 2008 09:39:22 GMT</pubDate>
      <guid>http://www.caucho.com/quercus-tasks#2</guid>
    </item>
    
    <item>
      <title>Task 1</title>
      <link>http://www.caucho.com/</link>
      <description>Task 1</description>
      <pubDate>Tue, 22 Jul 2008 09:39:21 GMT</pubDate>
      <guid>http://www.caucho.com/quercus-tasks#1</guid>
    </item>

  </channel>
</rss>

